"criteria","weight"
"avg_wait",0.166666666666667
"p95_wait",0.166666666666667
"total_travel",0.166666666666667
"rejections",0.166666666666667
"idle_share",0.166666666666667
"dp_dt",0.166666666666667
