time;personId;fromLinkId;toLinkId;fromX;fromY;toX;toY
22767.0;12052000_12052000_20369;7033;7039;454138.9834755319;5744584.952298622;452432.3250010507;5744823.429268635
