"criteria","weight"
"avg_wait",0.193111127357301
"p95_wait",0.294128876913737
"total_travel_time",0.116155519667217
"reliability",0.319436411132406
"idle_vehicle_share",0.0473536528503995
"environmental_efficiency",0.0298144120789407
